ID,X ,Y
1,0.595629637,130
2,0.713774492,133
3,0.770182134,62
4,0.574086447,51
5,0.012125158,66
6,0.69702083,100
7,0.133995959,85
8,0.38516728,107
9,0.785336189,127
10,0.415691107,82
